Source,Target,UserId,MoveNumber,UserSuccess,SolverValue,MoveValue,PromptMode,LevelMode
43472,31519,e1_kf,0,failure,insight,correct,,
31519,12482,e1_kf,1,failure,insight,correct,,
12482,99894,e1_kf,2,failure,insight,correct,,
99894,52710,e1_kf,3,failure,insight,correct,,
52710,29419,e1_kf,4,failure,,,,
33195,17112,e1_kf,0,failure,insight,correct,,
17112,17112,e1_kf,1,failure,insight,correct,,
17112,67716,e1_kf,2,failure,insight,correct,,
67716,39140,e1_kf,3,failure,insight,correct,,
39140,86538,e1_kf,4,failure,insight,correct,,
86538,77239,e1_kf,5,failure,insight,correct,,
77239,13486,e1_kf,6,failure,insight,correct,,
13486,13486,e1_kf,7,failure,insight,correct,,
13486,13486,e1_kf,8,failure,insight,correct,,
13486,94532,e1_kf,9,failure,unknown-correct,correct,,
94532,77239,e1_kf,10,failure,insight,correct,,
77239,77239,e1_kf,11,failure,insight,correct,,
77239,66147,e1_kf,12,failure,,,,
27012,22685,e1_kf,0,failure,insight,correct,,
22685,29621,e1_kf,1,failure,insight,correct,,
29621,29621,e1_kf,2,failure,insight,correct,,
29621,29621,e1_kf,3,failure,insight,correct,,
29621,29621,e1_kf,4,failure,insight,correct,,
29621,29621,e1_kf,5,failure,insight,correct,,
29621,29621,e1_kf,6,failure,insight,correct,,
29621,87321,e1_kf,7,failure,insight,correct,,
87321,75223,e1_kf,8,failure,insight,correct,,
75223,29621,e1_kf,9,failure,insight,correct,,
29621,29621,e1_kf,10,failure,insight,correct,,
29621,97285,e1_kf,11,failure,insight,correct,,
97285,42107,e1_kf,12,failure,insight,correct,,
42107,99943,e1_kf,13,failure,,,,
34963,82282,e1_kf,0,failure,insight,correct,,
82282,81173,e1_kf,1,failure,insight,correct,,
81173,81173,e1_kf,2,failure,insight,correct,,
81173,81173,e1_kf,3,failure,insight,correct,,
81173,81173,e1_kf,4,failure,insight,correct,,
81173,81173,e1_kf,5,failure,insight,correct,,
81173,81173,e1_kf,6,failure,insight,correct,,
81173,79882,e1_kf,7,failure,insight,correct,,
79882,51771,e1_kf,8,failure,insight,correct,,
51771,81173,e1_kf,9,failure,insight,correct,,
81173,25530,e1_kf,10,failure,insight,correct,,
25530,81173,e1_kf,11,failure,insight,correct,,
81173,81173,e1_kf,12,failure,insight,correct,,
81173,91455,e1_kf,13,failure,insight,correct,,
91455,35058,e1_kf,14,failure,,,,
14529,88677,e1_kf,0,failure,insight,correct,,
88677,23495,e1_kf,1,failure,unknown-correct,correct,,
23495,84061,e1_kf,2,failure,insight,correct,,
84061,74867,e1_kf,3,failure,insight,correct,,
74867,95891,e1_kf,4,failure,,,,
55879,72025,e1_kf,0,failure,insight,correct,,
72025,43325,e1_kf,1,failure,insight,correct,,
43325,34041,e1_kf,2,failure,insight,correct,,
34041,56514,e1_kf,3,failure,insight,correct,,
56514,85037,e1_kf,4,failure,,,,
95993,65892,e1_kf,0,failure,insight,correct,,
65892,33946,e1_kf,1,failure,insight,correct,,
33946,33946,e1_kf,2,failure,insight,correct,,
33946,33946,e1_kf,3,failure,insight,correct,,
33946,33946,e1_kf,4,failure,insight,correct,,
33946,33946,e1_kf,5,failure,insight,correct,,
33946,33946,e1_kf,6,failure,insight,correct,,
33946,55334,e1_kf,7,failure,insight,correct,,
55334,40178,e1_kf,8,failure,unknown-correct,correct,,
40178,12720,e1_kf,9,failure,insight,correct,,
12720,33946,e1_kf,10,failure,insight,correct,,
33946,33946,e1_kf,11,failure,insight,correct,,
33946,33946,e1_kf,12,failure,insight,correct,,
33946,75872,e1_kf,13,failure,insight,correct,,
75872,33946,e1_kf,14,failure,insight,correct,,
33946,33946,e1_kf,15,failure,insight,correct,,
33946,49210,e1_kf,16,failure,insight,correct,,
49210,44475,e1_kf,17,failure,insight,correct,,
44475,44475,e1_kf,18,failure,insight,correct,,
44475,49210,e1_kf,19,failure,insight,correct,,
49210,64688,e1_kf,20,failure,insight,correct,,
64688,75872,e1_kf,21,failure,insight,correct,,
75872,33946,e1_kf,22,failure,insight,correct,,
33946,33946,e1_kf,23,failure,insight,correct,,
33946,32763,e1_kf,24,failure,unknown-incorrect,incorrect,,
32763,20789,e1_kf,25,failure,insight,correct,,
20789,20789,e1_kf,26,failure,insight,incorrect,,
20789,83434,e1_kf,27,failure,insight,correct,,
83434,84859,e1_kf,28,failure,repair,correct,,
84859,55968,e1_kf,29,failure,unknown-correct,correct,,
55968,75872,e1_kf,30,failure,insight,correct,,
75872,64408,e1_kf,31,failure,,,,
26375,87169,e1_kf,0,failure,insight,correct,,
87169,87169,e1_kf,1,failure,insight,correct,,
87169,38658,e1_kf,2,failure,insight,correct,,
38658,50069,e1_kf,3,failure,insight,correct,,
50069,83497,e1_kf,4,failure,insight,correct,,
83497,50069,e1_kf,5,failure,insight,correct,,
50069,83497,e1_kf,6,failure,insight,correct,,
83497,95484,e1_kf,7,failure,insight,correct,,
95484,68181,e1_kf,8,failure,insight,correct,,
68181,68181,e1_kf,9,failure,insight,correct,,
68181,10367,e1_kf,10,failure,unknown-correct,correct,,
10367,91305,e1_kf,11,failure,insight,correct,,
91305,38926,e1_kf,12,failure,insight,correct,,
38926,38926,e1_kf,13,failure,insight,correct,,
38926,38926,e1_kf,14,failure,insight,correct,,
38926,38926,e1_kf,15,failure,insight,correct,,
38926,13877,e1_kf,16,failure,insight,correct,,
13877,29443,e1_kf,17,failure,insight,correct,,
29443,38926,e1_kf,18,failure,insight,correct,,
38926,38926,e1_kf,19,failure,insight,correct,,
38926,91305,e1_kf,20,failure,insight,correct,,
91305,96267,e1_kf,21,failure,insight,correct,,
96267,38926,e1_kf,22,failure,insight,correct,,
38926,38926,e1_kf,23,failure,insight,correct,,
38926,91305,e1_kf,24,failure,insight,correct,,
91305,38926,e1_kf,25,failure,insight,correct,,
38926,38926,e1_kf,26,failure,insight,correct,,
38926,29321,e1_kf,27,failure,insight,correct,,
29321,68421,e1_kf,28,failure,insight,correct,,
68421,42553,e1_kf,29,failure,,,,
89453,84135,e1_kf,0,failure,insight,correct,,
84135,29314,e1_kf,1,failure,insight,correct,,
29314,11064,e1_kf,2,failure,insight,correct,,
11064,11064,e1_kf,3,failure,insight,correct,,
11064,11064,e1_kf,4,failure,insight,correct,,
11064,11064,e1_kf,5,failure,insight,correct,,
11064,11064,e1_kf,6,failure,insight,correct,,
11064,11064,e1_kf,7,failure,insight,correct,,
11064,89257,e1_kf,8,failure,insight,correct,,
89257,33168,e1_kf,9,failure,insight,correct,,
33168,33168,e1_kf,10,failure,insight,correct,,
33168,23470,e1_kf,11,failure,,,,
80981,44674,e1_kf,0,failure,insight,correct,,
44674,97513,e1_kf,1,failure,insight,correct,,
97513,91461,e1_kf,2,failure,insight,correct,,
91461,62222,e1_kf,3,failure,insight,correct,,
62222,91461,e1_kf,4,failure,insight,correct,,
91461,91461,e1_kf,5,failure,insight,correct,,
91461,91461,e1_kf,6,failure,insight,correct,,
91461,91461,e1_kf,7,failure,insight,correct,,
91461,91461,e1_kf,8,failure,insight,correct,,
91461,91461,e1_kf,9,failure,insight,correct,,
91461,91461,e1_kf,10,failure,insight,correct,,
91461,82332,e1_kf,11,failure,insight,correct,,
82332,82332,e1_kf,12,failure,insight,correct,,
82332,22043,e1_kf,13,failure,,,,
53029,43163,e1_kf,0,failure,insight,correct,,
43163,74031,e1_kf,1,failure,insight,correct,,
74031,11233,e1_kf,2,failure,insight,correct,,
11233,11233,e1_kf,3,failure,insight,correct,,
11233,11233,e1_kf,4,failure,insight,correct,,
11233,11233,e1_kf,5,failure,insight,correct,,
11233,11233,e1_kf,6,failure,insight,correct,,
11233,11233,e1_kf,7,failure,insight,correct,,
11233,97198,e1_kf,8,failure,insight,correct,,
97198,94569,e1_kf,9,failure,insight,correct,,
94569,94569,e1_kf,10,failure,insight,correct,,
94569,16473,e1_kf,11,failure,insight,correct,,
16473,16473,e1_kf,12,failure,insight,correct,,
16473,21206,e1_kf,13,failure,,,,
46990,15335,e1_kf,0,failure,insight,correct,,
15335,15335,e1_kf,1,failure,insight,correct,,
15335,32805,e1_kf,2,failure,insight,correct,,
32805,93344,e1_kf,3,failure,insight,correct,,
93344,93344,e1_kf,4,failure,insight,correct,,
93344,93344,e1_kf,5,failure,insight,correct,,
93344,93344,e1_kf,6,failure,insight,correct,,
93344,93344,e1_kf,7,failure,insight,correct,,
93344,48982,e1_kf,8,failure,insight,correct,,
48982,93344,e1_kf,9,failure,insight,correct,,
93344,93344,e1_kf,10,failure,insight,correct,,
93344,86883,e1_kf,11,failure,insight,correct,,
86883,86883,e1_kf,12,failure,insight,correct,,
86883,39993,e1_kf,13,failure,,,,
79337,24265,e1_kf,0,failure,insight,correct,,
24265,63596,e1_kf,1,failure,insight,correct,,
63596,63596,e1_kf,2,failure,insight,correct,,
63596,63596,e1_kf,3,failure,insight,correct,,
63596,63596,e1_kf,4,failure,insight,correct,,
63596,63596,e1_kf,5,failure,insight,correct,,
63596,63596,e1_kf,6,failure,insight,correct,,
63596,13179,e1_kf,7,failure,insight,correct,,
13179,11887,e1_kf,8,failure,unknown-correct,correct,,
11887,76880,e1_kf,9,failure,insight,correct,,
76880,63596,e1_kf,10,failure,insight,correct,,
63596,22542,e1_kf,11,failure,insight,correct,,
22542,22542,e1_kf,12,failure,insight,correct,,
22542,34387,e1_kf,13,failure,,,,
88644,89856,e1_kf,0,failure,insight,correct,,
89856,62111,e1_kf,1,failure,insight,correct,,
62111,62111,e1_kf,2,failure,insight,correct,,
62111,62111,e1_kf,3,failure,insight,correct,,
62111,62111,e1_kf,4,failure,insight,correct,,
62111,62111,e1_kf,5,failure,insight,correct,,
62111,62111,e1_kf,6,failure,insight,correct,,
62111,77731,e1_kf,7,failure,insight,correct,,
77731,94874,e1_kf,8,failure,unknown-correct,correct,,
94874,24172,e1_kf,9,failure,unknown-correct,correct,,
24172,94983,e1_kf,10,failure,insight,correct,,
94983,62111,e1_kf,11,failure,insight,correct,,
62111,62111,e1_kf,12,failure,insight,correct,,
62111,94983,e1_kf,13,failure,insight,correct,,
94983,92777,e1_kf,14,failure,,,,
61722,35510,e1_kf,0,failure,insight,correct,,
35510,69885,e1_kf,1,failure,insight,correct,,
69885,69885,e1_kf,2,failure,insight,correct,,
69885,69885,e1_kf,3,failure,insight,correct,,
69885,48558,e1_kf,4,failure,unknown-correct,correct,,
48558,34241,e1_kf,5,failure,unknown-correct,correct,,
34241,59043,e1_kf,6,failure,unknown-incorrect,incorrect,,
59043,30169,e1_kf,7,failure,unknown-incorrect,incorrect,,
30169,97302,e1_kf,8,failure,unknown-incorrect,incorrect,,
97302,44519,e1_kf,9,failure,unknown-correct,correct,,
44519,69885,e1_kf,10,failure,insight,correct,,
69885,69885,e1_kf,11,failure,insight,correct,,
69885,69885,e1_kf,12,failure,insight,correct,,
69885,88970,e1_kf,13,failure,insight,correct,,
88970,88970,e1_kf,14,failure,insight,correct,,
88970,59538,e1_kf,15,failure,insight,correct,,
59538,94860,e1_kf,16,failure,insight,correct,,
94860,94860,e1_kf,17,failure,insight,correct,,
94860,59538,e1_kf,18,failure,insight,correct,,
59538,36400,e1_kf,19,failure,insight,correct,,
36400,36400,e1_kf,20,failure,insight,correct,,
36400,27076,e1_kf,21,failure,insight,correct,,
27076,81898,e1_kf,22,failure,insight,correct,,
81898,69885,e1_kf,23,failure,insight,correct,,
69885,69885,e1_kf,24,failure,insight,correct,,
69885,82448,e1_kf,25,failure,insight,correct,,
82448,69885,e1_kf,26,failure,insight,correct,,
69885,69885,e1_kf,27,failure,insight,correct,,
69885,69885,e1_kf,28,failure,insight,correct,,
69885,69885,e1_kf,29,failure,insight,correct,,
69885,71914,e1_kf,30,failure,insight,correct,,
71914,69885,e1_kf,31,failure,insight,correct,,
69885,69885,e1_kf,32,failure,insight,correct,,
69885,69885,e1_kf,33,failure,insight,correct,,
69885,69885,e1_kf,34,failure,insight,correct,,
69885,50228,e1_kf,35,failure,insight,correct,,
50228,69885,e1_kf,36,failure,insight,correct,,
69885,69885,e1_kf,37,failure,insight,correct,,
69885,69885,e1_kf,38,failure,insight,correct,,
69885,27076,e1_kf,39,failure,insight,correct,,
27076,81898,e1_kf,40,failure,insight,correct,,
81898,69885,e1_kf,41,failure,insight,correct,,
69885,82448,e1_kf,42,failure,insight,correct,,
82448,69885,e1_kf,43,failure,insight,correct,,
69885,69885,e1_kf,44,failure,insight,correct,,
69885,81898,e1_kf,45,failure,insight,correct,,
81898,87954,e1_kf,46,failure,unknown-correct,correct,,
87954,81898,e1_kf,47,failure,insight,correct,,
81898,75083,e1_kf,48,failure,,,,
65914,59182,e1_kf,0,failure,insight,correct,,
59182,49330,e1_kf,1,failure,insight,correct,,
49330,54195,e1_kf,2,failure,insight,correct,,
54195,35328,e1_kf,3,failure,insight,correct,,
35328,35328,e1_kf,4,failure,insight,correct,,
35328,35328,e1_kf,5,failure,insight,correct,,
35328,35328,e1_kf,6,failure,insight,correct,,
35328,35328,e1_kf,7,failure,insight,correct,,
35328,35328,e1_kf,8,failure,insight,correct,,
35328,35328,e1_kf,9,failure,insight,correct,,
35328,35328,e1_kf,10,failure,insight,correct,,
35328,35328,e1_kf,11,failure,insight,correct,,
35328,35328,e1_kf,12,failure,insight,correct,,
35328,35328,e1_kf,13,failure,insight,correct,,
35328,35328,e1_kf,14,failure,insight,correct,,
35328,35328,e1_kf,15,failure,insight,correct,,
35328,35328,e1_kf,16,failure,insight,correct,,
35328,35328,e1_kf,17,failure,insight,correct,,
35328,35328,e1_kf,18,failure,insight,correct,,
35328,35328,e1_kf,19,failure,insight,correct,,
35328,35328,e1_kf,20,failure,insight,correct,,
35328,27659,e1_kf,21,failure,insight,correct,,
27659,80615,e1_kf,22,failure,insight,correct,,
80615,61073,e1_kf,23,failure,insight,correct,,
61073,16669,e1_kf,24,failure,insight,correct,,
16669,60721,e1_kf,25,failure,insight,correct,,
60721,35328,e1_kf,26,failure,insight,correct,,
35328,35328,e1_kf,27,failure,insight,correct,,
35328,35328,e1_kf,28,failure,insight,correct,,
35328,35328,e1_kf,29,failure,insight,correct,,
35328,91163,e1_kf,30,failure,insight,correct,,
91163,14940,e1_kf,31,failure,insight,correct,,
14940,35328,e1_kf,32,failure,insight,correct,,
35328,35328,e1_kf,33,failure,insight,correct,,
35328,14940,e1_kf,34,failure,insight,correct,,
14940,35328,e1_kf,35,failure,insight,correct,,
35328,14940,e1_kf,36,failure,insight,correct,,
14940,91163,e1_kf,37,failure,insight,correct,,
91163,14940,e1_kf,38,failure,insight,correct,,
14940,35328,e1_kf,39,failure,insight,correct,,
35328,14940,e1_kf,40,failure,insight,correct,,
14940,14255,e1_kf,41,failure,,,,
71558,10002,e1_kf,0,failure,insight,correct,,
10002,83659,e1_kf,1,failure,insight,correct,,
83659,56516,e1_kf,2,failure,insight,correct,,
56516,62350,e1_kf,3,failure,insight,correct,,
62350,62350,e1_kf,4,failure,insight,correct,,
62350,62350,e1_kf,5,failure,insight,correct,,
62350,62350,e1_kf,6,failure,insight,correct,,
62350,62350,e1_kf,7,failure,insight,correct,,
62350,62350,e1_kf,8,failure,insight,correct,,
62350,62350,e1_kf,9,failure,insight,correct,,
62350,62350,e1_kf,10,failure,insight,correct,,
62350,62350,e1_kf,11,failure,insight,correct,,
62350,62350,e1_kf,12,failure,insight,correct,,
62350,62350,e1_kf,13,failure,insight,correct,,
62350,62350,e1_kf,14,failure,insight,correct,,
62350,62350,e1_kf,15,failure,insight,correct,,
62350,62350,e1_kf,16,failure,insight,correct,,
62350,62350,e1_kf,17,failure,insight,correct,,
62350,62350,e1_kf,18,failure,insight,correct,,
62350,34803,e1_kf,19,failure,insight,correct,,
34803,53776,e1_kf,20,failure,insight,correct,,
53776,62350,e1_kf,21,failure,insight,correct,,
62350,62350,e1_kf,22,failure,insight,correct,,
62350,62350,e1_kf,23,failure,insight,correct,,
62350,62350,e1_kf,24,failure,insight,correct,,
62350,62350,e1_kf,25,failure,insight,correct,,
62350,62350,e1_kf,26,failure,insight,correct,,
62350,66289,e1_kf,27,failure,insight,correct,,
66289,62350,e1_kf,28,failure,insight,correct,,
62350,62350,e1_kf,29,failure,insight,correct,,
62350,62350,e1_kf,30,failure,insight,correct,,
62350,56302,e1_kf,31,failure,insight,correct,,
56302,62350,e1_kf,32,failure,insight,correct,,
62350,62350,e1_kf,33,failure,insight,correct,,
62350,62350,e1_kf,34,failure,insight,correct,,
62350,62350,e1_kf,35,failure,insight,correct,,
62350,22817,e1_kf,36,failure,unknown-correct,correct,,
22817,62350,e1_kf,37,failure,insight,correct,,
62350,97566,e1_kf,38,failure,insight,correct,,
97566,62350,e1_kf,39,failure,insight,correct,,
62350,66289,e1_kf,40,failure,insight,correct,,
66289,27749,e1_kf,41,failure,insight,correct,,
27749,68580,e1_kf,42,failure,,,,
50121,38632,e1_kf,0,failure,insight,correct,,
38632,11991,e1_kf,1,failure,insight,correct,,
11991,22412,e1_kf,2,failure,insight,correct,,
22412,42653,e1_kf,3,failure,insight,correct,,
42653,95390,e1_kf,4,failure,,,,
51246,95640,e1_kf,0,failure,insight,correct,,
95640,15786,e1_kf,1,failure,insight,correct,,
15786,39210,e1_kf,2,failure,insight,correct,,
39210,41166,e1_kf,3,failure,insight,correct,,
41166,41166,e1_kf,4,failure,insight,correct,,
41166,87301,e1_kf,5,failure,,,,
89230,37447,e1_kf,0,failure,insight,correct,,
37447,38468,e1_kf,1,failure,insight,correct,,
38468,50448,e1_kf,2,failure,insight,correct,,
50448,28437,e1_kf,3,failure,insight,correct,,
28437,34839,e1_kf,4,failure,,,,
82600,14229,e1_kf,0,failure,insight,correct,,
14229,69814,e1_kf,1,failure,unknown-correct,correct,,
69814,39665,e1_kf,2,failure,insight,correct,,
39665,22017,e1_kf,3,failure,insight,correct,,
22017,39707,e1_kf,4,failure,insight,correct,,
39707,53152,e1_kf,5,failure,,,,
46786,48610,e1_kf,0,failure,unknown-correct,correct,,
48610,19625,e1_kf,1,failure,insight,correct,,
19625,23356,e1_kf,2,failure,insight,correct,,
23356,92924,e1_kf,3,failure,insight,correct,,
92924,64205,e1_kf,4,failure,insight,correct,,
64205,92924,e1_kf,5,failure,insight,correct,,
92924,91754,e1_kf,6,failure,,,,
22972,11338,e1_kf,0,success,insight,correct,,
11338,66269,e1_kf,1,success,insight,correct,,
66269,66269,e1_kf,2,success,insight,correct,,
66269,23215,e1_kf,3,success,insight,correct,,
23215,41617,e1_kf,4,success,insight,correct,,
41617,38550,e1_kf,5,success,insight,correct,,
38550,38550,e1_kf,6,success,insight,correct,,
38550,38550,e1_kf,7,success,insight,correct,,
38550,38550,e1_kf,8,success,insight,correct,,
38550,38550,e1_kf,9,success,insight,correct,,
38550,31179,e1_kf,10,success,insight,correct,,
31179,38550,e1_kf,11,success,insight,correct,,
38550,98690,e1_kf,12,success,insight,correct,,
98690,74589,e1_kf,13,success,insight,correct,,
74589,38492,e1_kf,14,success,,,,
